Log Loss,Brier Score Loss,Matthews Correlation Coefficient,Cohen's Kappa Score,ROC AUC Score,Accuracy Score
5.626695941531533,0.46905630364017753,0.0539076812837321,0.03296703296703296,0.4628668035261442,0.5164835164835165
